{
  "hash": "b8e13181",
  "configHash": "85e0fa93",
  "lockfileHash": "5ae7710f",
  "browserHash": "4c7bfe0d",
  "optimized": {
    "@angular/common": {
      "src": "../../../../../../node_modules/@angular/common/fesm2022/common.mjs",
      "file": "@angular_common.js",
      "fileHash": "5eb3f7bf",
      "needsInterop": false
    },
    "@angular/common/http": {
      "src": "../../../../../../node_modules/@angular/common/fesm2022/http.mjs",
      "file": "@angular_common_http.js",
      "fileHash": "8f15057c",
      "needsInterop": false
    },
    "@angular/core": {
      "src": "../../../../../../node_modules/@angular/core/fesm2022/core.mjs",
      "file": "@angular_core.js",
      "fileHash": "fe99c84e",
      "needsInterop": false
    },
    "@angular/forms": {
      "src": "../../../../../../node_modules/@angular/forms/fesm2022/forms.mjs",
      "file": "@angular_forms.js",
      "fileHash": "24c908d4",
      "needsInterop": false
    },
    "@angular/platform-browser": {
      "src": "../../../../../../node_modules/@angular/platform-browser/fesm2022/platform-browser.mjs",
      "file": "@angular_platform-browser.js",
      "fileHash": "ba70663d",
      "needsInterop": false
    },
    "@angular/platform-browser/animations": {
      "src": "../../../../../../node_modules/@angular/platform-browser/fesm2022/animations.mjs",
      "file": "@angular_platform-browser_animations.js",
      "fileHash": "f4c3bd79",
      "needsInterop": false
    },
    "@angular/router": {
      "src": "../../../../../../node_modules/@angular/router/fesm2022/router.mjs",
      "file": "@angular_router.js",
      "fileHash": "cd752fba",
      "needsInterop": false
    },
    "file-saver": {
      "src": "../../../../../../node_modules/file-saver/dist/FileSaver.min.js",
      "file": "file-saver.js",
      "fileHash": "fda1e0ea",
      "needsInterop": true
    },
    "ng-recaptcha": {
      "src": "../../../../../../node_modules/ng-recaptcha/fesm2022/ng-recaptcha.mjs",
      "file": "ng-recaptcha.js",
      "fileHash": "ce169bb1",
      "needsInterop": false
    },
    "ngx-toastr": {
      "src": "../../../../../../node_modules/ngx-toastr/fesm2022/ngx-toastr.mjs",
      "file": "ngx-toastr.js",
      "fileHash": "50d7b708",
      "needsInterop": false
    }
  },
  "chunks": {
    "chunk-LP2KNR75": {
      "file": "chunk-LP2KNR75.js"
    },
    "chunk-SGXRS3BJ": {
      "file": "chunk-SGXRS3BJ.js"
    },
    "chunk-SK5TNBF7": {
      "file": "chunk-SK5TNBF7.js"
    },
    "chunk-XYQM3IPM": {
      "file": "chunk-XYQM3IPM.js"
    },
    "chunk-XPOP6D5C": {
      "file": "chunk-XPOP6D5C.js"
    },
    "chunk-ZLFAWHMU": {
      "file": "chunk-ZLFAWHMU.js"
    },
    "chunk-3OV72XIM": {
      "file": "chunk-3OV72XIM.js"
    }
  }
}